gene	score	species
Glyma.18G077500	1.0841786344607474	H. glycines
Glyma.19G122700	0.9732948772223574	H. glycines
Glyma.13G169900	-0.9649253645496424	H. glycines
Glyma.09G245300	-0.951715030509117	H. glycines
Glyma.01G179900	0.9494420913931627	H. glycines
Glyma.16G053900	-0.9280556236230765	H. glycines
Glyma.01G207300	-0.9129046829212623	H. glycines
Glyma.10G081700	0.9113957015415747	H. glycines
Glyma.16G051800	-0.8159862803554604	H. glycines
Glyma.09G060200	-0.8148668756333384	H. glycines
